,University,Venue name,Venue location lat,Venue location lng,Venue location distance,Venue categories
0,Alberta University of the Arts,Jimmy's A&A Deli,51.070299042616156,-114.0924724826528,971.0,Mediterranean Restaurant
1,Alberta University of the Arts,Vendome Cafe,51.05513753948826,-114.08332312101305,943.0,Café
2,Alberta University of the Arts,Hayden Block,51.05259505049835,-114.08822596699648,1035.0,BBQ Joint
3,Alberta University of the Arts,Wow Chicken,51.054881171334635,-114.08583312052431,864.0,Korean Restaurant
4,Alberta University of the Arts,Peppino,51.05250919212293,-114.09094595288585,1011.0,Diner
5,Alberta University of the Arts,Menyatai,51.052227942835124,-114.0918437709159,1040.0,Japanese Restaurant
6,Alberta University of the Arts,Osteria de Medici Restaurant,51.05270935110942,-114.08609372324209,1072.0,Italian Restaurant
7,Alberta University of the Arts,Globefish,51.05428057153926,-114.09424995227734,825.0,Sushi Restaurant
8,Alberta University of the Arts,Alforno Bakery & Cafe,51.05152773239168,-114.07827055531305,1478.0,Bakery
9,Alberta University of the Arts,Midtown Kitchen & Bar,51.05412126521163,-114.08576823093097,940.0,Gastropub
10,Athabasca University,Subway,54.71850083563217,-113.28541485173048,1538.0,Sandwich Place
11,Athabasca University,Meg's 2 Scoop Ice Cream,54.720310369733795,-113.28788125050734,1456.0,Sandwich Place
12,Athabasca University,Green Spot,54.718932,-113.286957,1456.0,Gastropub
13,Athabasca University,Athabasca Burger Bar,54.71768617630005,-113.28633785247803,1459.0,Burger Joint
14,Athabasca University,Happy Garden Restaurant,54.72035713886576,-113.28530788421631,1610.0,Asian Restaurant
15,Athabasca University,The Fox Den - Athabasca Golf & Country Club,54.73731546132679,-113.28308134372173,2979.0,American Restaurant
16,MacEwan University,Khazana Restaurant,53.542735468061984,-113.50425082076549,500.0,Indian Restaurant
17,MacEwan University,The Old Spaghetti Factory,53.54355467775372,-113.49754943416583,701.0,Italian Restaurant
18,MacEwan University,Indian Fusion - The Curry House,53.545424,-113.512693,455.0,Indian Restaurant
19,MacEwan University,Remedy Cafe,53.540782923628115,-113.49740498074345,916.0,Café
20,MacEwan University,Corso 32,53.54094890526599,-113.49875156315315,846.0,Italian Restaurant
21,MacEwan University,Rostizado,53.54597446599754,-113.49898315840903,503.0,Mexican Restaurant
22,MacEwan University,Thanh Thanh Oriental Noodle House,53.55179504140814,-113.49380463610906,984.0,Thai Restaurant
23,MacEwan University,Love Pizza,53.5416045587401,-113.50883652611297,628.0,Pizza Place
24,MacEwan University,Café Amore Bistro,53.549668423733166,-113.50692386243111,293.0,Italian Restaurant
25,MacEwan University,Padmanadi,53.55242187374459,-113.493911362633,1017.0,Vegetarian / Vegan Restaurant
26,Mount Royal University,Pfanntastic Pannenkoek Haus,51.005003,-114.117185,1106.0,Breakfast Spot
27,Mount Royal University,Glamorgan Bakery Ltd,51.021592,-114.143528,1521.0,Bakery
28,Mount Royal University,Wyckham House,51.01372334783689,-114.13274387990427,366.0,Food Court
29,Mount Royal University,Spot On Kitchen & Bar,51.00606968457791,-114.13012003873816,550.0,Restaurant
30,Mount Royal University,nho saigon,51.023869751767954,-114.1101550631155,1984.0,Vietnamese Restaurant
31,Mount Royal University,Original Joe's Restaurant & Bar,51.02307499458444,-114.10905909555515,1977.0,Restaurant
32,Mount Royal University,Village Ice Cream,51.023079,-114.11462,1712.0,Snack Place
33,Mount Royal University,Avenue Deli,51.02412290202764,-114.10721219355915,2151.0,Sandwich Place
34,Mount Royal University,Boston Pizza,51.01739621598279,-114.1621937783108,2378.0,Pizza Place
35,Mount Royal University,Sushi Hanami,51.013907294477036,-114.14075240120266,833.0,Korean Restaurant
36,University of Alberta,Farrow Sandwiches & Coffee,53.5206698418828,-113.5121736840728,978.0,Sandwich Place
37,University of Alberta,Sugarbowl,53.52391552101179,-113.51310534594278,877.0,Café
38,University of Alberta,La Poutine,53.52321614466611,-113.51219888782302,934.0,Fast Food Restaurant
39,University of Alberta,Rosso Pizza,53.52344984965533,-113.51249689120328,915.0,Pizza Place
40,University of Alberta,Upper Crust Cafe,53.521917941273195,-113.51263489503766,917.0,Café
41,University of Alberta,Remedy Cafe,53.52277110906209,-113.51200031629858,948.0,Indian Restaurant
42,University of Alberta,Da*De*O New Orleans Diner & Bar,53.518189863840576,-113.50269218009129,1660.0,Cajun / Creole Restaurant
43,University of Alberta,Continental Treat Fine Bistro,53.518404,-113.5032557,1617.0,Eastern European Restaurant
44,University of Alberta,Meat,53.51872888042633,-113.49777516463331,1954.0,BBQ Joint
45,University of Alberta,Famoso Neapolitan Pizzeria,53.541189163400574,-113.52491189047223,2002.0,Pizza Place
46,University of Calgary,Paros Souvla,51.15197804682062,-114.21027429847402,892.0,Greek Restaurant
47,University of Calgary,Five Guys,51.15164822138945,-114.21073737607479,916.0,Burger Joint
48,University of Calgary,Smashburger,51.15211188283144,-114.21471576601294,819.0,Burger Joint
49,University of Calgary,Roku Japanese Restaurant,51.15236640002238,-114.21132545806347,828.0,Japanese Restaurant
50,University of Calgary,Pho Hoan Pasteur,51.15175599283589,-114.21162301125966,887.0,Vietnamese Restaurant
51,University of Calgary,Ceili's Modern Irish Pub - Royal Oak,51.15197063374714,-114.21103752702939,876.0,Restaurant
52,University of Calgary,Brooklyn Pizza & Taps,51.152714696866276,-114.21572979215499,754.0,Pizza Place
53,University of Calgary,Subway,51.15364940000001,-114.21335433353823,656.0,Sandwich Place
54,University of Calgary,McDonald's,51.15275798122319,-114.21366570735289,751.0,Fast Food Restaurant
55,University of Calgary,A Taste of Saigon,51.152668258297915,-114.21530967287913,758.0,Vietnamese Restaurant
56,University of Lethbridge,Mocha Cabana,49.69494383344407,-112.84136132863112,2264.0,Café
57,University of Lethbridge,Two Guys & A Pizza Place,49.695495,-112.830738,2829.0,Pizza Place
58,University of Lethbridge,Streatside Eatery,49.695145,-112.835216,2569.0,American Restaurant
59,University of Lethbridge,O-Sho,49.69507215204305,-112.84137933915899,2275.0,Sushi Restaurant
60,University of Lethbridge,Subway,49.677645,-112.863373,258.0,Sandwich Place
61,University of Lethbridge,Boston Pizza,49.69890796600475,-112.83261587358811,3004.0,Pizza Place
62,University of Lethbridge,The Penny Coffee House,49.694478737460535,-112.84010852996235,2279.0,Café
63,University of Lethbridge,A&W,49.695383,-112.845997,2125.0,Fast Food Restaurant
64,University of Lethbridge,Subway,49.698237971490066,-112.83988626413952,2625.0,Sandwich Place
65,University of Lethbridge,A&W,49.698122,-112.841536,2550.0,Fast Food Restaurant
66,Capilano University,Moja Coffee,49.3079737622169,-123.0339741936241,1533.0,Café
67,Capilano University,Tour de Feast,49.30744390697309,-123.03212614675954,1487.0,French Restaurant
68,Capilano University,Buddha-Full (Northwoods),49.305230764938266,-123.01697373390198,1402.0,Vegetarian / Vegan Restaurant
69,Capilano University,White Spot,49.30792463680154,-123.04084696575701,1921.0,Burger Joint
70,Capilano University,S'wich Cafe,49.31221057518876,-123.0569344234288,2815.0,Sandwich Place
71,Capilano University,Wendy’s,49.305743183693544,-123.03321450948715,1684.0,Fast Food Restaurant
72,Capilano University,Blvd Bistro,49.31221945952739,-123.05696535791648,2817.0,Breakfast Spot
73,Capilano University,Mumbai Masala,49.3096520470898,-123.04172850673586,1874.0,Indian Restaurant
74,Capilano University,Golden Pearl,49.30827777097393,-123.04146202330072,1936.0,Chinese Restaurant
75,Capilano University,Crab Shop,49.30676167806211,-123.00883487372128,1432.0,Seafood Restaurant
76,Emily Carr University of Art and Design,Carp,49.262304,-123.095925,636.0,Sushi Restaurant
77,Emily Carr University of Art and Design,Les Faux Bourgeois,49.257138892345324,-123.08969573629065,1180.0,French Restaurant
78,Emily Carr University of Art and Design,Cartems Donuterie,49.265564327790955,-123.10068514759391,633.0,Donut Shop
79,Emily Carr University of Art and Design,Pizzeria Farina,49.27663591048199,-123.09996736185782,1143.0,Pizza Place
80,Emily Carr University of Art and Design,Sal y Limón,49.256892558895544,-123.08929318518365,1212.0,Mexican Restaurant
81,Emily Carr University of Art and Design,The Gluten Free Epicurean,49.257079389486975,-123.09042807142555,1178.0,Bakery
82,Emily Carr University of Art and Design,Terra Breads,49.27152494393447,-123.10667446314498,1117.0,Bakery
83,Emily Carr University of Art and Design,Pure Bread,49.26657673253481,-123.10454749124816,879.0,Bakery
84,Emily Carr University of Art and Design,Osteria Savio Volpe,49.25740681198991,-123.09097960431157,1137.0,Italian Restaurant
85,Emily Carr University of Art and Design,Fable Diner,49.26297765141387,-123.10167247616315,838.0,Diner
86,Kwantlen Polytechnic University,Krispy Kreme,49.13218,-122.882346,793.0,Donut Shop
87,Kwantlen Polytechnic University,Prabu Sweets,49.125128,-122.872419,840.0,Indian Restaurant
88,Kwantlen Polytechnic University,Gulberg Tandoor & Donair,49.133216397413236,-122.87347599548633,158.0,Indian Restaurant
89,Kwantlen Polytechnic University,Nando's,49.136428334037966,-122.88940580619987,1371.0,Portuguese Restaurant
90,Kwantlen Polytechnic University,The Keg Steakhouse + Bar - Scott Road,49.14737490695219,-122.88975306824102,2110.0,Restaurant
91,Kwantlen Polytechnic University,Pho Tau Bay,49.13557699899878,-122.84459781244112,1984.0,Vietnamese Restaurant
92,Kwantlen Polytechnic University,Tasty Indian Bistro,49.15429618453436,-122.89063727901879,2783.0,Indian Restaurant
93,Kwantlen Polytechnic University,Green Lettuce Chinese Restaurant,49.11817500375121,-122.88929703912622,2069.0,Chinese Restaurant
94,Kwantlen Polytechnic University,Afghan Chopan Restaurant,49.14750403438441,-122.86536110459545,1711.0,Afghan Restaurant
95,Kwantlen Polytechnic University,Akari,49.135029549597135,-122.89190378040144,1510.0,Sushi Restaurant
96,Royal Roads University,Royal Bay Bakery,48.41982958707434,-123.4848092993391,1789.0,Bakery
97,Royal Roads University,Floyd's Diner,48.44666150905962,-123.49681171930915,2183.0,Diner
98,Royal Roads University,Fountain Diner,48.448516174518474,-123.49866134877881,2421.0,Diner
99,Royal Roads University,Sabhai Thai,48.450088501,-123.506271362,2969.0,Thai Restaurant
100,Royal Roads University,Boston Pizza,48.44913890582381,-123.49502924112345,2276.0,Pizza Place
101,Royal Roads University,Green Leaf Bistro,48.449883791378085,-123.50223860490614,2721.0,Asian Restaurant
102,Royal Roads University,White Spot,48.44256600010523,-123.51204429116586,2961.0,Burger Joint
103,Royal Roads University,Denny's,48.4436,-123.467895,1138.0,Breakfast Spot
104,Royal Roads University,Akemi Sushi,48.447334107033846,-123.4985794905903,2332.0,Japanese Restaurant
105,Royal Roads University,Turmeric Indian Cuisine,48.4486783014375,-123.4992799289147,2467.0,Indian Restaurant
106,Simon Fraser University,Club Ilia,49.27816205122476,-122.91252060072733,534.0,Italian Restaurant
107,Simon Fraser University,Hop & Vine Tap House,49.26963388703964,-122.94653310831902,2152.0,Burger Joint
108,Simon Fraser University,Horizons Restaurant,49.28291426965348,-122.93479457689692,1208.0,Restaurant
109,Simon Fraser University,Nature's Garden,49.27814158364655,-122.9115485846684,605.0,Café
110,Simon Fraser University,Subway,49.278079697707696,-122.91203903799851,569.0,Sandwich Place
111,Simon Fraser University,Pizza Hut,49.27777502229217,-122.91203146759686,571.0,Pizza Place
112,Simon Fraser University,Triple O's,49.27935747321523,-122.91774213102343,209.0,Burger Joint
113,Simon Fraser University,C-Lovers Fish & Chips,49.26185895639343,-122.89060415292819,2790.0,Fish & Chips Shop
114,Simon Fraser University,A&W,49.278198,-122.910446,685.0,Fast Food Restaurant
115,Simon Fraser University,Papa's Shish Kabab,49.259056,-122.892615,2900.0,Persian Restaurant
116,Thompson Rivers University,Oh! Sushi Mura,50.667421,-120.369113,457.0,Sushi Restaurant
117,Thompson Rivers University,The Chopped Leaf,50.66429590079543,-120.3555030621322,1100.0,Salad Place
118,Thompson Rivers University,Wok Box,50.66433375307996,-120.3707877134994,820.0,Asian Restaurant
119,Thompson Rivers University,Browns Socialhouse,50.666738,-120.356229,887.0,Restaurant
120,Thompson Rivers University,Earls Restaurant,50.665026433482794,-120.35352547631882,1153.0,American Restaurant
121,Thompson Rivers University,Tiger Ramen,50.66571214280715,-120.35154207903115,1228.0,Japanese Restaurant
122,Thompson Rivers University,Mr. Mikes Steakhouse Casual,50.666230232462624,-120.3535191664223,1078.0,American Restaurant
123,Thompson Rivers University,Taka Japanese Restaurant,50.665818940216646,-120.35078859814472,1268.0,Japanese Restaurant
124,Thompson Rivers University,Taco Del Mar,50.66535759336425,-120.35523418549678,1035.0,Mexican Restaurant
125,Thompson Rivers University,Cora Breakfast & Lunch,50.6525645324512,-120.36540681749108,2078.0,Breakfast Spot
126,University of British Columbia,Mercante,49.26376500471262,-123.25514793206354,752.0,Italian Restaurant
127,University of British Columbia,The Delly,49.267027873751516,-123.25047877790294,785.0,Deli / Bodega
128,University of British Columbia,Biercraft,49.25424479675436,-123.23542209256465,1044.0,Restaurant
129,University of British Columbia,Great Dane Coffee,49.2700492261176,-123.25073709585315,1106.0,Café
130,University of British Columbia,Vanier's Dining Room,49.264550753132916,-123.25877093169308,1026.0,Food Court
131,University of British Columbia,Only U Cafe,49.26588674809786,-123.24237559884084,644.0,Café
132,University of British Columbia,Seedlings,49.26846579287717,-123.25789888630828,1230.0,Vegetarian / Vegan Restaurant
133,University of British Columbia,Sage Bistro,49.26890876496685,-123.25708807630107,1226.0,French Restaurant
134,University of British Columbia,Burgoo Bistro,49.26374216247765,-123.20712760678566,2845.0,Restaurant
135,University of British Columbia,Takumi Japanese Restaurant,49.26377049638328,-123.20678411488923,2870.0,Japanese Restaurant
136,University of Victoria,Finnerty Express,48.46623462120272,-123.30951550200524,353.0,Café
137,University of Victoria,BiblioCafé,48.46362427295205,-123.31015564833649,116.0,Café
138,University of Victoria,Olive Olio's,48.46147656440735,-123.297008,1105.0,Café
139,University of Victoria,Noodlebox,48.46191310213629,-123.33189751806381,1500.0,Asian Restaurant
140,University of Victoria,Fujiya,48.45940710295098,-123.33315967950116,1645.0,Sushi Restaurant
141,University of Victoria,1550's Pub Style Restaurant,48.461927471011904,-123.33438935023842,1683.0,Restaurant
142,University of Victoria,McRae's,48.45070777412422,-123.33294264895494,2111.0,Restaurant
143,University of Victoria,The Village,48.437578485339316,-123.30787910203571,2888.0,Breakfast Spot
144,University of Victoria,Pure Vanilla Bakery & Café,48.437892224297556,-123.31292054338122,2841.0,Bakery
145,University of Victoria,Lemongrass,48.461564,-123.297379,1076.0,Thai Restaurant
146,University of the Fraser Valley,Cactus Club Cafe,49.03503276738956,-122.26682768510139,1512.0,American Restaurant
147,University of the Fraser Valley,Little Japan,49.03926660326859,-122.2919209878568,1231.0,Sushi Restaurant
148,University of the Fraser Valley,"S+L Kitchen & Bar, Abbotsford",49.03973879365201,-122.26966738700865,1655.0,Restaurant
149,University of the Fraser Valley,The Old Spaghetti Factory,49.03870748228659,-122.26904571086358,1608.0,Italian Restaurant
150,University of the Fraser Valley,Restaurant 62,49.03940123536679,-122.29345850353316,1292.0,New American Restaurant
151,University of the Fraser Valley,Donairo's,49.04644091693317,-122.29382872581482,2030.0,Middle Eastern Restaurant
152,University of the Fraser Valley,O'Neills Homecooking,49.047870845240894,-122.28982572212844,2119.0,Sandwich Place
153,University of the Fraser Valley,Nikko Sushi,49.04932106507661,-122.30056622833368,2512.0,Sushi Restaurant
154,University of the Fraser Valley,Townhall Public House Abbotsford,49.04767102942839,-122.29124182481881,2115.0,Gastropub
155,University of the Fraser Valley,The Keg Steakhouse + Bar - Abbotsford,49.041582292860085,-122.27783023994688,1501.0,Restaurant
156,University of Northern British Columbia,Mr. Mikes Steakhouse Casual,53.88925711591578,-122.76809116692836,2987.0,Steakhouse
157,University of Northern British Columbia,Earls,53.91100251228133,-122.78091456944561,2984.0,American Restaurant
158,University of Northern British Columbia,Rockford Wok | Bar | Grill,53.89188866656669,-122.76870767838274,2929.0,Steakhouse
159,University of Northern British Columbia,Moxie's Classic Grill,53.90730379725617,-122.781019320307,2706.0,American Restaurant
160,University of Northern British Columbia,Carl's Jr.,53.901233,-122.783011,2230.0,Fast Food Restaurant
161,University of Northern British Columbia,Daddyo's Pizza & Ribs,53.9087475,-122.7809262,2813.0,Pizza Place
162,University of Northern British Columbia,Subway,53.90125584555927,-122.78209030722584,2285.0,Sandwich Place
163,University of Northern British Columbia,Sushi Star Restaurant,53.9107372131563,-122.78370293084839,2835.0,Sushi Restaurant
164,University of Northern British Columbia,A&W,53.896501,-122.777484,2401.0,Fast Food Restaurant
165,University of Northern British Columbia,Subway,53.897217117462795,-122.77692547354127,2454.0,Sandwich Place
166,Vancouver Island University,Asteras Greek Taverna,49.16448825105847,-123.94106838452716,2012.0,Greek Restaurant
167,Vancouver Island University,Baby Salsa,49.155299041030865,-123.95191917423905,1079.0,Mexican Restaurant
168,Vancouver Island University,Delicado's,49.16437599520447,-123.9401647380335,2067.0,Mexican Restaurant
169,Vancouver Island University,Sukkho Thai,49.16588624334998,-123.93697403304952,2347.0,Thai Restaurant
170,Vancouver Island University,Gabriel's Gourmet Cafe,49.16625343297982,-123.93688715014092,2370.0,Breakfast Spot
171,Vancouver Island University,Modern Cafe,49.16687886013253,-123.93726492321188,2375.0,American Restaurant
172,Vancouver Island University,Trollers Fish & Chips,49.16725109068606,-123.93472918787614,2559.0,Seafood Restaurant
173,Vancouver Island University,Mrs. Riches,49.16730121212183,-123.94042832299222,2195.0,Burger Joint
174,Vancouver Island University,Mambo Pizza,49.163738998748755,-123.93604389082246,2325.0,Pizza Place
175,Vancouver Island University,Firehouse Grill,49.16223797891843,-123.93451024323579,2387.0,BBQ Joint
176,Brandon University,Komfort Kitchen,49.8469481696224,-99.94981050974785,904.0,Diner
177,Brandon University,Sushi Hut Japanese Restaurant,49.841645514328434,-99.97572414148738,1057.0,Japanese Restaurant
178,Brandon University,The Dock on Princess,49.84710431830935,-99.9538871791554,624.0,Irish Pub
179,Brandon University,Humpty's Family Restaurant,49.826846123274095,-99.96134825628454,2060.0,Restaurant
180,Brandon University,The Keg Steakhouse + Bar - Brandon,49.83278269092409,-99.96298714111322,1400.0,Restaurant
181,Brandon University,Mum's Family Restaurant,49.841951,-99.969982,677.0,Diner
182,Brandon University,Qdoba Mexican Grill,49.83558649060207,-99.96301174163818,1088.0,Mexican Restaurant
183,Brandon University,Prairie Firehouse,49.84704624775728,-99.94700431823729,1104.0,Gastropub
184,Brandon University,A&W,49.82958,-99.962391,1755.0,Fast Food Restaurant
185,Brandon University,Pizza Hut,49.83610375175658,-99.96211588382721,1029.0,Pizza Place
186,University College of the North,Subway,53.8236092,-101.2532036,1196.0,Sandwich Place
187,University College of the North,A&W,53.810321,-101.251404,1403.0,Fast Food Restaurant
188,University College of the North,McDonald's,53.82657,-101.25538,1478.0,Fast Food Restaurant
189,University College of the North,Fat Boy,53.822844,-101.25209,1096.0,Café
190,University College of the North,Mr. Ribs,53.80990605769629,-101.25124353349106,1430.0,German Restaurant
191,University College of the North,KFC,53.8124,-101.213,1726.0,Fast Food Restaurant
192,University of Manitoba,Sun Fortune Restaurant,49.81514399314986,-97.15284222482916,1442.0,Chinese Restaurant
193,University of Manitoba,Santa Ana Pizzeria,49.819812781377756,-97.1128559980488,2189.0,Italian Restaurant
194,University of Manitoba,Kazoku,49.79862036538211,-97.15803995481407,1828.0,Japanese Restaurant
195,University of Manitoba,Subway,49.82288338747601,-97.14912149388186,1933.0,Sandwich Place
196,University of Manitoba,Celebrations Dinner Theatre,49.82342826117813,-97.15201178716218,2089.0,Restaurant
197,University of Manitoba,Original Joe's,49.82832121444034,-97.11515636024667,2783.0,Restaurant
198,University of Manitoba,Huangpu River Restaurant,49.82196283188997,-97.15351233254226,2015.0,Chinese Restaurant
199,University of Manitoba,Za Pizza Bistro,49.827825,-97.114989,2744.0,Pizza Place
200,University of Manitoba,Pony Corral,49.828528701142766,-97.15074467560284,2551.0,American Restaurant
201,University of Manitoba,Asia City Restaurant,49.82075807696644,-97.15329767996933,1900.0,Asian Restaurant
202,University of Winnipeg,Harvey's,49.88892237017493,-97.15605887558335,318.0,Restaurant
203,University of Winnipeg,The Merchant Kitchen,49.89416115374762,-97.14379599768898,766.0,Asian Restaurant
204,University of Winnipeg,Viva Restaurant,49.896364,-97.154059,570.0,Vietnamese Restaurant
205,University of Winnipeg,Stella's Café and Bakery,49.89067242317363,-97.15122490826278,174.0,Café
206,University of Winnipeg,Clementine Cafe,49.899057070174244,-97.14162898292187,1215.0,Breakfast Spot
207,University of Winnipeg,Peasant Cookery,49.89836716462037,-97.14091848196146,1199.0,French Restaurant
208,University of Winnipeg,Miss Browns,49.899214,-97.140784,1270.0,Sandwich Place
209,University of Winnipeg,Boon Burger Cafe,49.881129451047286,-97.15956223748455,1208.0,Vegetarian / Vegan Restaurant
210,University of Winnipeg,deer + almond,49.89775472591209,-97.14253651779087,1067.0,Restaurant
211,University of Winnipeg,Thom Bargen,49.880806938350794,-97.15969964827724,1245.0,Café
212,Mount Allison University,Mel's Tea Room,45.8974382,-64.3665682,515.0,Diner
213,Mount Allison University,Black Duck Inn & Coffee House,45.897628210047806,-64.36714999664244,467.0,Café
214,Mount Allison University,Joey's Pizza and Pasta,45.89785006248444,-64.36904265361997,318.0,Italian Restaurant
215,Mount Allison University,Bridge Street Cafe,45.897695052172615,-64.367571524461,433.0,Café
216,Mount Allison University,Pattersons Family Restaurant,45.90808033067375,-64.37050340108473,1105.0,Diner
217,Mount Allison University,Subway,45.9078698,-64.3728352,1063.0,Sandwich Place
218,Mount Allison University,Downtown Diner,45.897684,-64.367896,409.0,Diner
219,Mount Allison University,Jack's Pizza,45.90276639,-64.37389284,498.0,Pizza Place
220,Mount Allison University,Pizza Delight,45.90782735,-64.36962306,1092.0,Pizza Place
221,St. Thomas University,Cafe Loka & Bistro,45.95756975200374,-66.64797836819221,1514.0,Café
222,St. Thomas University,Palate Restaurant & Cafe,45.96233821565255,-66.64177617467865,2067.0,Restaurant
223,St. Thomas University,Thai Express,45.934473,-66.664108,1745.0,Restaurant
224,St. Thomas University,Luna Pizza,45.962245983394084,-66.64378803516881,2037.0,Italian Restaurant
225,St. Thomas University,The Abbey Café & Gallery,45.96130052761985,-66.64018759391118,1979.0,Café
226,St. Thomas University,540 Kitchen and Bar,45.961656778289964,-66.64015241997615,2018.0,Gastropub
227,St. Thomas University,Isaac's Way,45.96094370069698,-66.6377959448601,1993.0,Restaurant
228,St. Thomas University,Jungle Jim's,45.943653421381676,-66.66773340866561,1665.0,American Restaurant
229,St. Thomas University,Coffee Mill,45.94297962434053,-66.66961600035062,1814.0,Breakfast Spot
230,St. Thomas University,Chess Piece Pâtisserie & Cafe,45.96335372107381,-66.64401723703803,2158.0,Café
231,University of New Brunswick,Cafe Loka & Bistro,45.95756975200374,-66.64797836819221,1445.0,Café
232,University of New Brunswick,Palate Restaurant & Cafe,45.96233821565255,-66.64177617467865,1868.0,Restaurant
233,University of New Brunswick,Luna Pizza,45.962245983394084,-66.64378803516881,1870.0,Italian Restaurant
234,University of New Brunswick,The Abbey Café & Gallery,45.96130052761985,-66.64018759391118,1751.0,Café
235,University of New Brunswick,Isaac's Way,45.96094370069698,-66.6377959448601,1727.0,Restaurant
236,University of New Brunswick,540 Kitchen and Bar,45.961656778289964,-66.64015241997615,1791.0,Gastropub
237,University of New Brunswick,Thai Express,45.934473,-66.664108,2185.0,Restaurant
238,University of New Brunswick,Chess Piece Pâtisserie & Cafe,45.96335372107381,-66.64401723703803,1994.0,Café
239,University of New Brunswick,New England Pizza,45.9679,-66.629859,2626.0,Pizza Place
240,University of New Brunswick,Jungle Jim's,45.943653421381676,-66.66773340866561,2093.0,American Restaurant
241,Université de Moncton,Pâtisserie Tony's Pastries,46.10988215919917,-64.77817170812918,601.0,Bakery
242,Université de Moncton,Calactus cafe restaurant,46.09201712678155,-64.77912011656535,1469.0,Vegetarian / Vegan Restaurant
243,Université de Moncton,Cafe Clementine,46.104357185884474,-64.77415683539691,592.0,Café
244,Université de Moncton,Tide & Boar Gastropub,46.0888572,-64.7758729,1863.0,Gastropub
245,Université de Moncton,Catch 22,46.08972,-64.773782,1818.0,Seafood Restaurant
246,Université de Moncton,Zio's Pizza,46.095114,-64.780634,1113.0,Restaurant
247,Université de Moncton,Cafe Archibald,46.09484735214737,-64.78421728689774,1155.0,Café
248,Université de Moncton,Taj Mahal,46.08801653978635,-64.77988906058273,1906.0,Indian Restaurant
249,Université de Moncton,Red Satay,46.09149543817464,-64.7817860025738,1513.0,Vietnamese Restaurant
250,Université de Moncton,Cafe C'est La Vie,46.088264128107866,-64.77844887661162,1890.0,Café
251,Memorial University of Newfoundland,Manna European Bakery and Deli,47.561117,-52.746624,1747.0,Bakery
252,Memorial University of Newfoundland,Adelaide Oyster House,47.561266,-52.710442,2189.0,Seafood Restaurant
253,Memorial University of Newfoundland,Rocket Bakery,47.56243407110704,-52.70889171703457,2202.0,Bakery
254,Memorial University of Newfoundland,Piatto Pizzeria + Enoteca Midtown,47.584779,-52.710767,2063.0,Pizza Place
255,Memorial University of Newfoundland,Piatto Pizzeria + Enoteca,47.56248003897049,-52.7102412240637,2117.0,Pizza Place
256,Memorial University of Newfoundland,Raymonds,47.56674700426738,-52.704191406223565,2294.0,Restaurant
257,Memorial University of Newfoundland,Kimchi & Sushi,47.5632310441156,-52.70715561562194,2263.0,Sushi Restaurant
258,Memorial University of Newfoundland,Jack Astor's,47.56129562382538,-52.70867063487278,2291.0,Restaurant
259,Memorial University of Newfoundland,Olivers Restaurant,47.56532910566028,-52.70585013058521,2240.0,Café
260,Memorial University of Newfoundland,Magnum & Steins,47.56408507304443,-52.70796834038292,2162.0,Tapas Restaurant
261,Acadia University,Just Us Cafe,45.09149537090562,-64.3626866914991,180.0,Café
262,Acadia University,Naked Crepe Bistro,45.091671173968926,-64.36085032026023,316.0,Café
263,Acadia University,The Church,45.091741,-64.357996,530.0,Restaurant
264,Acadia University,The Library Pub,45.09138880495168,-64.36357942765552,122.0,Burger Joint
265,Acadia University,TAN Coffee,45.09177017499844,-64.35993653972895,386.0,Café
266,Acadia University,Subway,45.09122650237369,-64.36337967273028,119.0,Sandwich Place
267,Acadia University,Troy,45.091955,-64.36429,161.0,Turkish Restaurant
268,Acadia University,La Torta Woodfired Pizzeria,45.091988,-64.361635,280.0,Pizza Place
269,Acadia University,The Pita House,45.091661442145465,-64.36018221057088,364.0,Restaurant
270,Acadia University,Joe's Food Emporium,45.091587423854634,-64.36214643495427,221.0,Mediterranean Restaurant
271,Cape Breton University,Subway,46.17036373000993,-60.09371567605007,34.0,Sandwich Place
272,Cape Breton University,Flavor 19,46.171456458314594,-60.09833416652227,383.0,Restaurant
273,Dalhousie University,Mary's Place Cafe II,44.64041267519348,-63.58631800575998,600.0,Breakfast Spot
274,Dalhousie University,Sushi Nami Royale,44.64360427050951,-63.57828033210712,1316.0,Sushi Restaurant
275,Dalhousie University,La Frasca Cibi & Vini,44.64269418326838,-63.57837986951844,1252.0,Italian Restaurant
276,Dalhousie University,Turkish Delight,44.64241789115769,-63.57910205860843,1187.0,Turkish Restaurant
277,Dalhousie University,Darrell's,44.637848,-63.573724,1427.0,Burger Joint
278,Dalhousie University,Le Bistro By Liz,44.640524,-63.578894,1102.0,French Restaurant
279,Dalhousie University,Efendy,44.64426600956395,-63.578591451319284,1342.0,Turkish Restaurant
280,Dalhousie University,kraveburger,44.64245403557913,-63.57908327928169,1191.0,Burger Joint
281,Dalhousie University,Cora's Breakfast & Lunch,44.643562534029925,-63.5782680870787,1314.0,Breakfast Spot
282,Dalhousie University,The Stubborn Goat Gastropub,44.64538905565271,-63.57446730077915,1677.0,Gastropub
283,Mount Saint Vincent University,Jim's Family Restaurant,44.6770121914739,-63.64864975462385,690.0,Diner
284,Mount Saint Vincent University,Arirang,44.672688759838664,-63.66544413884982,1579.0,Korean Restaurant
285,Mount Saint Vincent University,Sushi Nami Royale,44.661580136751574,-63.65533879426915,1319.0,Sushi Restaurant
286,Mount Saint Vincent University,Canton Garden Restaurant,44.67235280807536,-63.664923817482325,1534.0,Chinese Restaurant
287,Mount Saint Vincent University,Fong Sing Restaurant,44.662409,-63.656075,1282.0,Restaurant
288,Mount Saint Vincent University,Tako sushi,44.670969817026574,-63.676303330670265,2430.0,Sushi Restaurant
289,Mount Saint Vincent University,Best Choice Chinese Food,44.65992685008341,-63.63483657943814,1517.0,Chinese Restaurant
290,Mount Saint Vincent University,Pizzatown,44.65480497027297,-63.63054931908557,2179.0,Pizza Place
291,Mount Saint Vincent University,Alexandra's Pizza,44.6592969003355,-63.63427531805737,1600.0,Pizza Place
292,Mount Saint Vincent University,Mexico Lindo,44.658363809520374,-63.632218963730224,1779.0,Mexican Restaurant
293,Nova Scotia College of Art and Design University,The Stubborn Goat Gastropub,44.64538905565271,-63.57446730077915,463.0,Gastropub
294,Nova Scotia College of Art and Design University,Gio Restaurant,44.647067610032344,-63.57601730970989,312.0,Restaurant
295,Nova Scotia College of Art and Design University,The Five Fishermen,44.648028703444574,-63.57504485010113,183.0,Seafood Restaurant
296,Nova Scotia College of Art and Design University,The Wooden Monkey,44.64696747823336,-63.57547073718991,305.0,Vegetarian / Vegan Restaurant
297,Nova Scotia College of Art and Design University,Willy's,44.64505682297124,-63.57407847929238,499.0,Burger Joint
298,Nova Scotia College of Art and Design University,Mama Grattis,44.65016025258256,-63.575764394262144,144.0,Sandwich Place
299,Nova Scotia College of Art and Design University,Edna,44.65145950517483,-63.582253768795894,675.0,New American Restaurant
300,Nova Scotia College of Art and Design University,The Old Apothecary,44.645241059487915,-63.573176897357335,485.0,Bakery
301,Nova Scotia College of Art and Design University,Chives Canadian Bistro,44.64507823036177,-63.57280196385789,508.0,Restaurant
302,Nova Scotia College of Art and Design University,Sushi Nami Royale,44.64360427050951,-63.57828033210712,737.0,Sushi Restaurant
303,Saint Francis Xavier University,The Townhouse,45.622654087564605,-61.9916075102131,621.0,Gastropub
304,Saint Francis Xavier University,The Wheel Pizza & Sub Shop,45.62132191485431,-61.994946703923326,400.0,Restaurant
305,Saint Francis Xavier University,the Brownstone cafe,45.62250349813893,-61.99045898005133,655.0,Greek Restaurant
306,Saint Francis Xavier University,Snow Queen,45.61574592745658,-62.001444313330595,520.0,Diner
307,Saint Francis Xavier University,Tall & Small,45.622356043350834,-61.994294860292214,521.0,Restaurant
308,Saint Francis Xavier University,Gabrieau's Bistro,45.6222044547038,-61.99467068876642,500.0,American Restaurant
309,Saint Francis Xavier University,Subway,45.61548372437844,-62.003511770100715,680.0,Sandwich Place
310,Saint Francis Xavier University,A&W,45.615191,-62.00404,730.0,Fast Food Restaurant
311,Saint Francis Xavier University,Boston Pizza,45.614711238509784,-61.983248464942946,1003.0,Pizza Place
312,Saint Francis Xavier University,Bloomfield Cafe,45.61713705165747,-61.9934764189404,163.0,Café
313,Saint Mary's University,Darrell's,44.637848,-63.573724,949.0,Burger Joint
314,Saint Mary's University,Boneheads BBQ,44.63634774051017,-63.56957770238176,1094.0,BBQ Joint
315,Saint Mary's University,Le Bistro By Liz,44.640524,-63.578894,1043.0,French Restaurant
316,Saint Mary's University,La Frasca Cibi & Vini,44.64269418326838,-63.57837986951844,1288.0,Italian Restaurant
317,Saint Mary's University,Sushi Nami Royale,44.64360427050951,-63.57828033210712,1389.0,Sushi Restaurant
318,Saint Mary's University,Mary's Place Cafe II,44.64041267519348,-63.58631800575998,1081.0,Breakfast Spot
319,Saint Mary's University,Morris East,44.64167297704532,-63.57158909855188,1391.0,Pizza Place
320,Saint Mary's University,Turkish Delight,44.64241789115769,-63.57910205860843,1248.0,Turkish Restaurant
321,Saint Mary's University,Efendy,44.64426600956395,-63.578591451319284,1457.0,Turkish Restaurant
322,Saint Mary's University,kraveburger,44.64245403557913,-63.57908327928169,1252.0,Burger Joint
323,Université Sainte-Anne,Rendez-Vous De La Baie,44.3314016839424,-66.11726341312763,145.0,Café
324,Université Sainte-Anne,Cafétéria - Université Sainte-Anne,44.33242779786985,-66.11922316810781,189.0,Food
325,Université Sainte-Anne,Castelet,44.332604,-66.117372,40.0,Pizza Place
326,Université Sainte-Anne,Chez Lamie,44.33439875804465,-66.11528978706869,229.0,Fast Food Restaurant
327,Université Sainte-Anne,Seashore Restaurant,44.33906105696295,-66.11197415681113,810.0,Diner
328,Université Sainte-Anne,Kizuna Sushi,44.35220024222558,-66.1017005294994,2486.0,Sushi Restaurant
329,Algoma University,Clyde's Drive-In,46.485755435750335,-84.30240896371524,2079.0,Burger Joint
330,Algoma University,JC Sakura,46.5104262722521,-84.29874933718773,1294.0,Japanese Restaurant
331,Algoma University,Wacky Wings,46.513076143924756,-84.2950184632447,1397.0,Wings Joint
332,Algoma University,SUBWAY,46.51087415714333,-84.2961080985466,1216.0,Sandwich Place
333,Algoma University,KFC,46.5129,-84.2941,1352.0,Fast Food Restaurant
334,Algoma University,Harvey's,46.509964561521095,-84.30034349777657,1339.0,Restaurant
335,Algoma University,Mr.Sub,46.514208,-84.290064,1421.0,Restaurant
336,Algoma University,Ubriaco's,46.51643062455343,-84.28587299893624,1665.0,Italian Restaurant
337,Algoma University,Sandro's,46.51811974705081,-84.28150469545339,1910.0,Italian Restaurant
338,Brock University,A&W,43.136839,-79.225252,2814.0,Fast Food Restaurant
339,Brock University,Raw Fish,43.13179540450635,-79.22477552310811,2444.0,Sushi Restaurant
340,Brock University,Thai Express,43.136084,-79.224095,2814.0,Restaurant
341,Brock University,Cora,43.13198289727592,-79.22517131509545,2433.0,Breakfast Spot
342,Brock University,Pizza Pizza,43.132108,-79.225686,2411.0,Pizza Place
343,Brock University,SUBWAY,43.13631300605144,-79.22489766199824,2789.0,Sandwich Place
344,Brock University,Alphie's Trough,43.12069391832734,-79.2504092805117,411.0,Restaurant
345,Brock University,Alphie's,43.12090054455911,-79.25076167575972,446.0,Café
346,Brock University,KFC,43.136,-79.225,2758.0,Fast Food Restaurant
347,Brock University,Pizza Company,43.136515446986614,-79.25299715229302,2152.0,Pizza Place
348,Carleton University,Kettleman's Bagel Co,45.39986455478269,-75.68658293801577,2081.0,Bagel Shop
349,Carleton University,Evoo Greek Kitchen,45.39925717872259,-75.70884200732064,1979.0,Greek Restaurant
350,Carleton University,Stoneface Dolly's,45.40067500028601,-75.70979212991637,2154.0,Café
351,Carleton University,Atelier Inc,45.399503794747076,-75.7063725570373,1933.0,Molecular Gastronomy Restaurant
352,Carleton University,Di Rienzo Grocery & Deli,45.399950694160296,-75.71210451262843,2165.0,Deli / Bodega
353,Carleton University,Farmer's Pick,45.369062110746036,-75.70324703325572,1607.0,Deli / Bodega
354,Carleton University,Pelican Fishery & Grill,45.3811598616553,-75.67020404852855,2208.0,Seafood Restaurant
355,Carleton University,Little Victories Glebe,45.40273457511437,-75.68814639785029,2327.0,Café
356,Carleton University,Wild Oat Bakery Cafe and Restaurant,45.40254174059937,-75.68803927020227,2310.0,Vegetarian / Vegan Restaurant
357,Carleton University,La Brioche,45.401015,-75.687199,2177.0,Bakery
358,Lakehead University,Caribou Restaurant + Wine Bar,48.40516151962883,-89.25678990503597,1798.0,New American Restaurant
359,Lakehead University,5 Forks Restaurant,48.421432327397504,-89.27380678413097,968.0,New American Restaurant
360,Lakehead University,Sushi Station,48.423174501765274,-89.23713436888117,1755.0,Sushi Restaurant
361,Lakehead University,Niva's Restaurant,48.423777,-89.237393,1747.0,Restaurant
362,Lakehead University,Mongo's Grill,48.40520331450982,-89.24496428218528,2118.0,Asian Restaurant
363,Lakehead University,Java Hut,48.42219518454159,-89.23628780890431,1807.0,Diner
364,Lakehead University,The Hoito,48.43219154246171,-89.23007186811255,2576.0,Restaurant
365,Lakehead University,Applebee's Grill + Bar,48.40742753106686,-89.25888112129464,1529.0,American Restaurant
366,Lakehead University,Pita Pit,48.40423092096121,-89.24604426346207,2168.0,Sandwich Place
367,Lakehead University,Maltese Grocery,48.434801338406714,-89.22667610352266,2939.0,Deli / Bodega
368,Laurentian University,Laughing Buddha,46.48884649014444,-80.9936832925292,2874.0,Café
369,Laurentian University,Salute Coffee Company,46.443796388341894,-80.9853588179732,2696.0,Café
370,Laurentian University,Buzzy Brown's Brasserie,46.4515166315095,-80.99912027386428,2554.0,New American Restaurant
371,Laurentian University,Di Gusto,46.45735969226998,-81.00728813710971,2742.0,Italian Restaurant
372,Laurentian University,Tutti Frutti,46.449195994607045,-80.99268001695033,2414.0,Breakfast Spot
373,Laurentian University,Fionn MacCool's Sudbury,46.45200944069784,-81.0052926340693,2893.0,Irish Pub
374,Laurentian University,Shoeless Joe's,46.44879817443771,-80.99242514420122,2439.0,American Restaurant
375,Laurentian University,Gloria's Restaurant,46.46049807216606,-81.01075049297924,2885.0,Breakfast Spot
376,Laurentian University,Subway,46.48926893368263,-80.98794066230647,2715.0,Sandwich Place
377,Laurentian University,Pizza Hut,46.449336,-80.992915,2412.0,Pizza Place
378,McMaster University,Delirious Burger Company,43.26263485645338,-79.90542372930157,1135.0,Burger Joint
379,McMaster University,Maccheroni,43.25792610443967,-79.92641798357425,669.0,Italian Restaurant
380,McMaster University,Saigon Asian,43.26197747913958,-79.90639233533118,1047.0,Vietnamese Restaurant
381,McMaster University,Valentino's Restaurant,43.2628223112946,-79.89896978190606,1656.0,Italian Restaurant
382,McMaster University,Food Truck Alley,43.254144046589296,-79.90307103933426,1509.0,Food Truck
383,McMaster University,Maple Leaf Pancake House,43.257632,-79.923503,500.0,Breakfast Spot
384,McMaster University,Right Wingers,43.25222622445944,-79.93981612917968,1927.0,Wings Joint
385,McMaster University,Aberdeen Tavern,43.25128432106247,-79.89338587944972,2351.0,American Restaurant
386,McMaster University,Basilique,43.261129299288605,-79.90753639865157,947.0,Middle Eastern Restaurant
387,McMaster University,Earth to Table Bread Bar,43.252645,-79.886943,2773.0,Pizza Place
388,Nipissing University,Twiggs Coffee Roasters,46.332749635714286,-79.48169925210652,1421.0,Café
389,Nipissing University,Burger World,46.32799638210386,-79.46605860319511,2633.0,Breakfast Spot
390,Nipissing University,Boston Pizza,46.333722958198464,-79.46822989597104,2130.0,Pizza Place
391,Nipissing University,Ivan's Restaurant,46.33580079781304,-79.45558488243086,2939.0,Restaurant
392,Nipissing University,A&W,46.332139,-79.474511,1840.0,Fast Food Restaurant
393,Nipissing University,Casey's Grill Bar North Bay,46.32797969960351,-79.4662215999468,2625.0,American Restaurant
394,Nipissing University,Wendy’s,46.333860924153285,-79.47048313926649,1973.0,Fast Food Restaurant
395,Nipissing University,Subway,46.3321913809138,-79.46441280676328,2469.0,Sandwich Place
396,Nipissing University,The Wall Bar & Grillhouse,46.3437510311131,-79.49169698353721,76.0,Restaurant
397,Nipissing University,St Louis Bar and Grill,46.33226480945507,-79.47331957292148,1900.0,Wings Joint
398,Ontario College of Art and Design University,Vegetarian Haven,43.656016028357094,-79.3927577742003,358.0,Vegetarian / Vegan Restaurant
399,Ontario College of Art and Design University,Alo,43.64857357946059,-79.39624325999638,637.0,French Restaurant
400,Ontario College of Art and Design University,Byblos Toronto,43.647615054171766,-79.3883810317138,640.0,Mediterranean Restaurant
401,Ontario College of Art and Design University,Aloette,43.648380956878,-79.39618583130652,651.0,Restaurant
402,Ontario College of Art and Design University,Pai,43.64792310735613,-79.38857932631602,603.0,Thai Restaurant
403,Ontario College of Art and Design University,Banh Mi Boys,43.648649805139854,-79.39685914804579,663.0,Sandwich Place
404,Ontario College of Art and Design University,Maker Pizza,43.6504011331197,-79.39804047841302,620.0,Pizza Place
405,Ontario College of Art and Design University,General Assembly,43.647326115934106,-79.39304291907733,647.0,Pizza Place
406,Ontario College of Art and Design University,Blackbird Baking Co,43.65476385976386,-79.40056588367806,778.0,Bakery
407,Ontario College of Art and Design University,The Moonbean Cafe,43.65414662211733,-79.40018175516231,733.0,Café
408,Queen's University at Kingston,The Tea Room,44.227982166796416,-76.49291941024252,349.0,Café
409,Queen's University at Kingston,The Common Market,44.227581321905156,-76.48231995511169,1054.0,Café
410,Queen's University at Kingston,Tango Nuevo,44.23056649437845,-76.48111956997158,1263.0,Tapas Restaurant
411,Queen's University at Kingston,Pan Chancho Bakery & Cafe,44.23130568572609,-76.48047604627429,1348.0,Bakery
412,Queen's University at Kingston,Harper's Burger Bar,44.23152,-76.48225,1240.0,Burger Joint
413,Queen's University at Kingston,Tommy's,44.232945522119834,-76.49113187767897,911.0,Breakfast Spot
414,Queen's University at Kingston,Crave Coffee House and Bakery,44.231458244404394,-76.48443637490828,1096.0,Café
415,Queen's University at Kingston,Le Chien Noir Bistro,44.230685,-76.482063,1204.0,Café
416,Queen's University at Kingston,Hwaki,44.232352,-76.487978,972.0,Korean Restaurant
417,Queen's University at Kingston,Casa Domenico,44.230479,-76.480745,1285.0,Italian Restaurant
418,Royal Military College of Canada,Pan Chancho Bakery & Cafe,44.23130568572609,-76.48047604627429,1073.0,Bakery
419,Royal Military College of Canada,Tango Nuevo,44.23056649437845,-76.48111956997158,1146.0,Tapas Restaurant
420,Royal Military College of Canada,Harper's Burger Bar,44.23152,-76.48225,1205.0,Burger Joint
421,Royal Military College of Canada,The Common Market,44.227581321905156,-76.48231995511169,1374.0,Café
422,Royal Military College of Canada,Casa Domenico,44.230479,-76.480745,1121.0,Italian Restaurant
423,Royal Military College of Canada,SIMA Sushi,44.231407464747626,-76.48124116884034,1129.0,Sushi Restaurant
424,Royal Military College of Canada,Chez Piggy,44.23109359954063,-76.48161903876344,1167.0,New American Restaurant
425,Royal Military College of Canada,Le Chien Noir Bistro,44.230685,-76.482063,1214.0,Café
426,Royal Military College of Canada,Wooden Heads Gourmet Pizza,44.228956,-76.480966,1205.0,Pizza Place
427,Royal Military College of Canada,The Keg Steakhouse + Bar - Kingston,44.22984775667648,-76.48191917068976,1234.0,Restaurant
428,Ryerson University,Page One Cafe,43.65777161112601,-79.3760725691681,220.0,Café
429,Ryerson University,GEORGE Restaurant,43.65334645635036,-79.3744449051126,594.0,Restaurant
430,Ryerson University,Richmond Station,43.65156872562108,-79.37926594000328,678.0,American Restaurant
431,Ryerson University,Kinton Ramen,43.660631695006714,-79.37887964897601,331.0,Ramen Restaurant
432,Ryerson University,Mystic Muffin,43.652483550499326,-79.37265472845176,759.0,Middle Eastern Restaurant
433,Ryerson University,Gyu-Kaku Japanese BBQ,43.651422275497914,-79.37504693687086,757.0,Japanese Restaurant
434,Ryerson University,Hogtown Smoke,43.64928693557788,-79.37468932637938,989.0,Food Truck
435,Ryerson University,Schnitzel Queen,43.65423906004429,-79.37053284604036,767.0,German Restaurant
436,Ryerson University,Mos Mos Coffee,43.64815919753501,-79.37874450467258,1057.0,Café
437,Ryerson University,The George Street Diner,43.65297,-79.371467,788.0,Diner
438,Université de l'Ontario français,Fresh On Front,43.64781466405137,-79.3744527618627,570.0,Vegetarian / Vegan Restaurant
439,Université de l'Ontario français,Hogtown Smoke,43.64928693557788,-79.37468932637938,700.0,Food Truck
440,Université de l'Ontario français,Miku,43.64137436,-79.37753063,765.0,Japanese Restaurant
441,Université de l'Ontario français,Stonemill Bread,43.648668221542096,-79.37160962302049,508.0,Bakery
442,Université de l'Ontario français,Mos Mos Coffee,43.64815919753501,-79.37874450467258,880.0,Café
443,Université de l'Ontario français,The Black Canary Espresso Bar,43.651868733003134,-79.36850642387674,823.0,Café
444,Université de l'Ontario français,Crepe TO,43.650063279511016,-79.37458664523871,763.0,Creperie
445,Université de l'Ontario français,The Poet Cafe,43.65063683072023,-79.37127573699792,707.0,Café
446,Université de l'Ontario français,Mystic Muffin,43.652483550499326,-79.37265472845176,936.0,Middle Eastern Restaurant
447,Université de l'Ontario français,Gyu-Kaku Japanese BBQ,43.651422275497914,-79.37504693687086,910.0,Japanese Restaurant
448,University of Guelph,Bullring,43.531865512850295,-80.22650110295092,98.0,Café
449,University of Guelph,39 Carden Street,43.54382698811499,-80.24863327873031,2193.0,Restaurant
450,University of Guelph,Fionn MacCool's,43.52088189425828,-80.23469945794534,1486.0,Restaurant
451,University of Guelph,Eric the Baker,43.54396248542568,-80.24841585413878,2187.0,Bakery
452,University of Guelph,manhattans pizza bistro music club,43.522321894325685,-80.21364655228855,1537.0,Pizza Place
453,University of Guelph,Zen Gardens,43.544260519715124,-80.24409068336308,1933.0,Vegetarian / Vegan Restaurant
454,University of Guelph,Atmosphere Cafe,43.54377544741733,-80.24889423385056,2207.0,Pizza Place
455,University of Guelph,Second Cup,43.53233615484618,-80.23299625753963,551.0,Café
456,University of Guelph,Fat Duck Gastro Pub,43.51306737137121,-80.22085330966996,2229.0,Gastropub
457,University of Guelph,Ray's chinese food,43.52462,-80.22252,949.0,Chinese Restaurant
458,Ontario Tech University,Chef Tommy's,43.93222838460306,-78.87898633492695,2032.0,Greek Restaurant
459,Ontario Tech University,Pita Deli and Grill,43.9341517462373,-78.8673776948672,2633.0,Sandwich Place
460,Ontario Tech University,Mexico Lindo,43.92397180378628,-78.91781306563834,2989.0,Mexican Restaurant
461,Ontario Tech University,Tokushima Sushi,43.93553258686542,-78.86972908137524,2394.0,Sushi Restaurant
462,Ontario Tech University,Arby's,43.93567507014521,-78.86874005198479,2457.0,Fast Food Restaurant
463,Ontario Tech University,Subway,43.94765409782301,-78.89509489577812,223.0,Sandwich Place
464,Ontario Tech University,McCoy Burger Co.,43.947627172055086,-78.89507031162017,221.0,American Restaurant
465,Ontario Tech University,Mandarin Buffet,43.928381909958404,-78.89770002478002,1939.0,Buffet
466,Ontario Tech University,Wild Wing,43.9306889811292,-78.86687662557021,2875.0,Wings Joint
467,Ontario Tech University,Rainbow Sushi,43.92872343587412,-78.87743016787039,2411.0,Sushi Restaurant
468,University of Ottawa,freshii,45.42324960725788,-75.68717751083295,316.0,Salad Place
469,University of Ottawa,La Bottega,45.426894,-75.691906,804.0,Deli / Bodega
470,University of Ottawa,Alirang,45.4303135315078,-75.68496957120959,815.0,Korean Restaurant
471,University of Ottawa,Town,45.416627250323614,-75.68952441215515,877.0,New American Restaurant
472,University of Ottawa,Corazon De Maiz,45.42769969048182,-75.69276263275303,909.0,Mexican Restaurant
473,University of Ottawa,Pure Kitchen,45.415917151004216,-75.68876741514009,913.0,Vegetarian / Vegan Restaurant
474,University of Ottawa,The Loft Board Game Lounge,45.427159331410515,-75.6885703925006,619.0,Café
475,University of Ottawa,El Camino,45.414725,-75.687871,1003.0,Taco Place
476,University of Ottawa,El Camino,45.42907228684189,-75.69295943403006,1015.0,Taco Place
477,University of Ottawa,Beckta Dining & Wine,45.420566678764104,-75.69271718622218,800.0,Restaurant
478,University of Toronto,Rasa,43.662756751275445,-79.40398803188654,671.0,Restaurant
479,University of Toronto,Yasu,43.66283719650635,-79.40321739973975,608.0,Japanese Restaurant
480,University of Toronto,Fresh on Bloor,43.66675488472059,-79.40349130034014,763.0,Vegetarian / Vegan Restaurant
481,University of Toronto,Vegetarian Haven,43.656016028357094,-79.3927577742003,800.0,Vegetarian / Vegan Restaurant
482,University of Toronto,Blackbird Baking Co,43.65476385976386,-79.40056588367806,987.0,Bakery
483,University of Toronto,Seven Lives - Tacos y Mariscos,43.65441817160925,-79.40054467846261,1022.0,Mexican Restaurant
484,University of Toronto,The Moonbean Cafe,43.65414662211733,-79.40018175516231,1039.0,Café
485,University of Toronto,Voodoo Child,43.65695821626081,-79.40546029795985,1029.0,Café
486,University of Toronto,FIKA Cafe,43.653560276835684,-79.40040209660836,1106.0,Café
487,University of Toronto,Storm Crow Manor,43.66683985695023,-79.38159278029707,1214.0,Theme Restaurant
488,University of Waterloo,BAO Sandwich Bar,43.47655387342856,-80.53008507928277,1284.0,Vietnamese Restaurant
489,University of Waterloo,Kohinoor,43.484243964325174,-80.54074601912566,1372.0,Indian Restaurant
490,University of Waterloo,Shawerma Plus,43.47509310652808,-80.52398131821523,1715.0,Middle Eastern Restaurant
491,University of Waterloo,O My Bakery 歐麥烘焙坊,43.47348720975688,-80.53722192001467,631.0,Bakery
492,University of Waterloo,Homestyle Diner,43.48612821141606,-80.54080037525385,1575.0,Diner
493,University of Waterloo,Empress of India,43.46883516519108,-80.52350740395663,1767.0,Indian Restaurant
494,University of Waterloo,Fat Bastard Burrito Co.,43.47718085054819,-80.52530689753529,1670.0,Burrito Place
495,University of Waterloo,Cheeses Murphy,43.466481884567884,-80.52274468637836,1899.0,Sandwich Place
496,University of Waterloo,Wilf's Restaurant & Bar,43.473511596122705,-80.52857835044269,1322.0,Restaurant
497,University of Waterloo,aroma Cafe,43.464748,-80.523567,1913.0,Café
498,University of Western Ontario,Restaurant Ninety One,43.014611577202416,-81.28319419506091,951.0,Restaurant
499,University of Western Ontario,The Keg Steakhouse + Bar - Masonville,43.025105697547296,-81.2799899438026,1799.0,Restaurant
500,University of Western Ontario,Black Walnut Bakery Cafe,42.994670167370636,-81.25263071676503,2390.0,Café
501,University of Western Ontario,Bungalow,43.00290055645295,-81.25098304116845,1996.0,Gastropub
502,University of Western Ontario,Barakat Mediterranean Cuisine,43.000739423693794,-81.27668159473335,1014.0,Middle Eastern Restaurant
503,University of Western Ontario,Angelo's Italian Bakery & Market,42.990148051696494,-81.29428787971786,2736.0,Deli / Bodega
504,University of Western Ontario,Burrito Boyz London,42.99057049795012,-81.25127191511375,2798.0,Burrito Place
505,University of Western Ontario,Prince Albert's Diner,42.98925611740094,-81.25088396371042,2930.0,Diner
506,University of Western Ontario,Blackfriars Bistro,42.989210817878195,-81.26067804699136,2505.0,Café
507,University of Western Ontario,Tahinis Restaurant,42.9885998,-81.2507319,2995.0,Middle Eastern Restaurant
508,University of Windsor,Sam's Pizzeria & Cantina,42.30553989865675,-83.06122524373666,419.0,Pizza Place
509,University of Windsor,Green Dot Stables,42.321834296984626,-83.07142214701464,2000.0,Burger Joint
510,University of Windsor,Johnny Noodle King,42.318948804425226,-83.07442345829332,1769.0,Noodle House
511,University of Windsor,Bubis,42.31595733339036,-83.04614611548082,2088.0,Burger Joint
512,University of Windsor,La Gloria Bakery,42.32343581286476,-83.08434504877985,2607.0,Bakery
513,University of Windsor,Basil Court Restaurant,42.31718874054521,-83.03886088271638,2656.0,Thai Restaurant
514,University of Windsor,Pho Maxim,42.31408020494373,-83.03819588588641,2536.0,Vietnamese Restaurant
515,University of Windsor,Villains Beastro,42.31757829983946,-83.04018537492789,2590.0,Restaurant
516,University of Windsor,detroit 75 kitchen,42.312365521254684,-83.09332238775013,2418.0,Food Truck
517,University of Windsor,Peso Bar,42.32536,-83.07779,2534.0,Mexican Restaurant
518,Wilfrid Laurier University,BAO Sandwich Bar,43.47655387342856,-80.53008507928277,344.0,Vietnamese Restaurant
519,Wilfrid Laurier University,Shawerma Plus,43.47509310652808,-80.52398131821523,331.0,Middle Eastern Restaurant
520,Wilfrid Laurier University,Fat Bastard Burrito Co.,43.47718085054819,-80.52530689753529,410.0,Burrito Place
521,Wilfrid Laurier University,Empress of India,43.46883516519108,-80.52350740395663,666.0,Indian Restaurant
522,Wilfrid Laurier University,Wilf's Restaurant & Bar,43.473511596122705,-80.52857835044269,81.0,Restaurant
523,Wilfrid Laurier University,Burrito Boyz,43.476945298795435,-80.52525082140536,390.0,Burrito Place
524,Wilfrid Laurier University,Sonny's Drive-In,43.47872798305737,-80.51996935417608,824.0,Burger Joint
525,Wilfrid Laurier University,Mozy's Shawarma,43.47600131639328,-80.52550204126645,292.0,Middle Eastern Restaurant
526,Wilfrid Laurier University,Cheeses Murphy,43.466481884567884,-80.52274468637836,925.0,Sandwich Place
527,Wilfrid Laurier University,Games On Tap Board Game Café,43.48118161361347,-80.5228490053768,897.0,Café
528,York University,Bamiyan Kabob,43.773768556446406,-79.49274051998997,734.0,Middle Eastern Restaurant
529,York University,Thai Bamboo Restaurant,43.78245519999717,-79.49171549392352,1292.0,Thai Restaurant
530,York University,La Risata,43.782147,-79.490653,1322.0,Italian Restaurant
531,York University,Carribean Heat,43.764155,-79.490227,1395.0,Caribbean Restaurant
532,York University,Genji Sushi,43.78219158663876,-79.49181713844204,1264.0,Sushi Restaurant
533,York University,Thai Express,43.773536,-79.501941,10.0,Restaurant
534,York University,Nino D'Aversa,43.75991342959363,-79.48888463299159,1833.0,Pizza Place
535,York University,Suliko,43.78517903384228,-79.48092889934834,2129.0,Caucasian Restaurant
536,York University,Elite Restaurant,43.767934815930396,-79.47537888670135,2216.0,Restaurant
537,York University,IKEA Restaurant,43.78696845531676,-79.52997041225991,2713.0,Food Court
538,University of Prince Edward Island,Pita Pit,46.26776144769149,-63.147499621785855,1377.0,Sandwich Place
539,University of Prince Edward Island,Sam's Family Restaurant,46.25646,-63.130396,559.0,Diner
540,University of Prince Edward Island,Hopyard,46.23644715590344,-63.12734857966748,2469.0,Gastropub
541,University of Prince Edward Island,Redwater Rustic Grille,46.23505525004317,-63.12713612154101,2622.0,Restaurant
542,University of Prince Edward Island,Claddagh Oyster House,46.23366,-63.125837,2800.0,Restaurant
543,University of Prince Edward Island,Mavor's Bistro & Bar,46.234679371842375,-63.1270805283182,2663.0,Restaurant
544,University of Prince Edward Island,Boston Pizza,46.26624951182138,-63.14726760835329,1230.0,Pizza Place
545,University of Prince Edward Island,King's Bbq & Chinese Food,46.264829,-63.15419,1521.0,Asian Restaurant
546,University of Prince Edward Island,Water Prince Corner Shop,46.23398874122312,-63.121962093899796,2877.0,Seafood Restaurant
547,University of Prince Edward Island,Thai Express,46.252167,-63.139467,611.0,Restaurant
548,Bishop's University,Restaurant Shalimar,45.375146,-71.861964,1870.0,Restaurant
549,Bishop's University,Subway,45.366152162000255,-71.85682076567514,947.0,Sandwich Place
550,Bishop's University,Sebby's Pub Et Grill,45.364483,-71.856792,889.0,Restaurant
551,Bishop's University,Jerry's Pizzeria,45.366813,-71.856541,958.0,Greek Restaurant
552,Bishop's University,Pizzaville,45.36737,-71.856511,986.0,Pizza Place
553,Bishop's University,McDonald's,45.367127226675045,-71.85581191483351,925.0,Fast Food Restaurant
554,Concordia University,Café Myriade,45.496103,-73.577927,176.0,Café
555,Concordia University,La Panthère Verte,45.497335,-73.580144,376.0,Vegetarian / Vegan Restaurant
556,Concordia University,Kazu,45.493013703554944,-73.58020256600203,279.0,Japanese Restaurant
557,Concordia University,Mandy's,45.49828577282335,-73.57789545259563,416.0,Salad Place
558,Concordia University,Maison Boulud,45.50003802868249,-73.57808545231819,611.0,French Restaurant
559,Concordia University,Café Pacefika,45.490514,-73.584091,691.0,Café
560,Concordia University,Ferreira Café,45.500434,-73.57406,702.0,Portuguese Restaurant
561,Concordia University,MELK Bar à Café,45.49848,-73.572076,600.0,Café
562,Concordia University,Dominion Square Tavern,45.50040540450307,-73.57163553893498,789.0,Gastropub
563,Concordia University,La Belle & La Boeuf,45.49425153518703,-73.57869261103698,108.0,Burger Joint
564,École de technologie supérieure,La Bête à Pain,45.49306926234763,-73.55830563298086,353.0,Bakery
565,École de technologie supérieure,Portus360,45.49979433718035,-73.56253320802755,579.0,Portuguese Restaurant
566,École de technologie supérieure,Monopole,45.4966948920061,-73.55549101973598,579.0,Café
567,École de technologie supérieure,La Dispensa,45.498842255653955,-73.55734902284247,610.0,Café
568,École de technologie supérieure,Le Cartet Resto Boutique,45.49949184573285,-73.55527992700955,772.0,Café
569,École de technologie supérieure,Crew Collective & Cafe,45.50239947219616,-73.55920178694564,902.0,Café
570,École de technologie supérieure,Pizzeria Moretti,45.493436815109575,-73.5573557476733,405.0,Italian Restaurant
571,École de technologie supérieure,Restaurant Helena,45.50053732633001,-73.55829809537715,731.0,Portuguese Restaurant
572,École de technologie supérieure,Holder,45.50039653753695,-73.55761151926868,742.0,French Restaurant
573,École de technologie supérieure,Nini Meatball House,45.48838008560604,-73.56845961591928,842.0,Restaurant
574,École nationale d'administration publique,Nektar Caféologue,46.81318492719672,-71.22776808520864,408.0,Café
575,École nationale d'administration publique,La Boîte à Pain,46.81359137613481,-71.22676235206725,327.0,Bakery
576,École nationale d'administration publique,Cantook Micro Torrefaction,46.81004551114132,-71.22012094711125,454.0,Café
577,École nationale d'administration publique,Les Sales Gosses,46.815174329420046,-71.22175475740531,162.0,Restaurant
578,École nationale d'administration publique,Buvette Scott,46.80929007287733,-71.22125934877353,510.0,Bistro
579,École nationale d'administration publique,La Cuisine,46.81168912255838,-71.22733745908059,438.0,Gastropub
580,École nationale d'administration publique,Le Clocher Penché,46.812995,-71.228394,459.0,French Restaurant
581,École nationale d'administration publique,Nina Pizza Napolitaine,46.812300067043495,-71.22976288222647,579.0,Pizza Place
582,École nationale d'administration publique,Le Billig,46.809409,-71.221205,498.0,French Restaurant
583,École nationale d'administration publique,Chez Gaston,46.814436380728665,-71.22734253538758,377.0,Diner
584,Institut national de la recherche scientifique,Nektar Caféologue,46.81318492719672,-71.22776808520864,285.0,Café
585,Institut national de la recherche scientifique,La Boîte à Pain,46.81359137613481,-71.22676235206725,218.0,Bakery
586,Institut national de la recherche scientifique,La Cuisine,46.81168912255838,-71.22733745908059,292.0,Gastropub
587,Institut national de la recherche scientifique,Le Clocher Penché,46.812995,-71.228394,332.0,French Restaurant
588,Institut national de la recherche scientifique,Nina Pizza Napolitaine,46.812300067043495,-71.22976288222647,444.0,Pizza Place
589,Institut national de la recherche scientifique,Cantook Micro Torrefaction,46.81004551114132,-71.22012094711125,444.0,Café
590,Institut national de la recherche scientifique,Buvette Scott,46.80929007287733,-71.22125934877353,465.0,Bistro
591,Institut national de la recherche scientifique,Les Sales Gosses,46.815174329420046,-71.22175475740531,296.0,Restaurant
592,Institut national de la recherche scientifique,Le Billig,46.809409,-71.221205,455.0,French Restaurant
593,Institut national de la recherche scientifique,Chez Gaston,46.814436380728665,-71.22734253538758,298.0,Diner
594,McGill University,Lola Rosa Café,45.50730715365404,-73.57571387713692,302.0,Vegetarian / Vegan Restaurant
595,McGill University,Ferreira Café,45.500434,-73.57406,541.0,Portuguese Restaurant
596,McGill University,Maison Boulud,45.50003802868249,-73.57808545231819,533.0,French Restaurant
597,McGill University,Café Parvis,45.505817,-73.569302,623.0,Café
598,McGill University,Dominion Square Tavern,45.50040540450307,-73.57163553893498,650.0,Gastropub
599,McGill University,Mandy's,45.49828577282335,-73.57789545259563,725.0,Salad Place
600,McGill University,La Panthère Verte,45.497335,-73.580144,861.0,Vegetarian / Vegan Restaurant
601,McGill University,MELK Bar à Café,45.49848,-73.572076,805.0,Café
602,McGill University,Time Out Market Montréal,45.5029943,-73.5701601,580.0,Restaurant
603,McGill University,Il Focolaio,45.504009,-73.568213,702.0,Pizza Place
604,Université de Montréal,Damas,45.52259571712413,-73.61311244738047,513.0,Mediterranean Restaurant
605,Université de Montréal,Café Prague,45.52105949039542,-73.61438443152907,470.0,Café
606,Université de Montréal,Dispatch Coffee,45.528902735381315,-73.616103795773,701.0,Café
607,Université de Montréal,Provisions,45.521630573396145,-73.61386599935761,481.0,Restaurant
608,Université de Montréal,180g,45.529235976633956,-73.61202840612347,905.0,Café
609,Université de Montréal,Afroditi Bakery,45.52844541583584,-73.63001448945782,1002.0,Bakery
610,Université de Montréal,Dinette Triple Crown,45.53140886070377,-73.61303890370479,1058.0,BBQ Joint
611,Université de Montréal,Depanneur Le Pickup,45.53192300355761,-73.61777166285192,992.0,Breakfast Spot
612,Université de Montréal,Pizzeria No. 900,45.52012864227333,-73.60871534891932,915.0,Pizza Place
613,Université de Montréal,Caffè Italia,45.53286243530626,-73.61417784202062,1166.0,Café
614,Université de Sherbrooke,Le Choux De Bruxelles,45.386843,-71.911701,1700.0,French Restaurant
615,Université de Sherbrooke,Au Coin du Vietnam,45.386685,-71.912933,1612.0,Restaurant
616,Université de Sherbrooke,Bâton Rouge Steakhouse & Bar,45.397489301021174,-71.94209536784957,2392.0,Restaurant
617,Université de Sherbrooke,Café Aragon,45.38686946590419,-71.91237019050503,1660.0,Breakfast Spot
618,Université de Sherbrooke,Louis Luncheonette,45.39866325532615,-71.92032747593936,2412.0,Fast Food Restaurant
619,Université de Sherbrooke,Le Snack Cameleon,45.38693090287437,-71.92597980505835,1035.0,Fast Food Restaurant
620,Université de Sherbrooke,Au Pot Au Feu Pizzeria,45.38697,-71.925376,1052.0,Pizza Place
621,Université de Sherbrooke,Guacamole y Tequila,45.398299471160016,-71.93027175430764,2267.0,Mexican Restaurant
622,Université de Sherbrooke,Shogun Sushi,45.39940728868012,-71.92785058555974,2392.0,Sushi Restaurant
623,Université de Sherbrooke,Eggsquis,45.398111575893516,-71.93890188535747,2365.0,Breakfast Spot
624,Université du Québec en Abitibi-Témiscamingue,Chez Oeufs,48.240124,-79.022316,1487.0,Breakfast Spot
625,Université du Québec en Abitibi-Témiscamingue,Horizon Thai,48.240314,-79.0200546,1391.0,Thai Restaurant
626,Université du Québec en Abitibi-Témiscamingue,Chez Morasse,48.2468589,-79.0192376,1986.0,Fast Food Restaurant
627,Université du Québec en Abitibi-Témiscamingue,Pizza Pizza,48.22686,-79.007035,423.0,Pizza Place
628,Université du Québec en Abitibi-Témiscamingue,Rôtisserie St-Hubert,48.24237424905379,-79.02770246687169,1948.0,Restaurant
629,Université du Québec en Abitibi-Témiscamingue,Pizza Pizza,48.241833,-79.03758,2507.0,Pizza Place
630,Université du Québec en Abitibi-Témiscamingue,PFK,48.2315,-79.0346,1953.0,Fast Food Restaurant
631,Université du Québec en Abitibi-Témiscamingue,Rotisserie O'Tourne-Broche,48.22542141273026,-79.0003162675736,823.0,Chinese Restaurant
632,Université du Québec en Abitibi-Témiscamingue,Cafe-Bar L'Abstracto,48.23819670913839,-79.01579870826116,1014.0,Café
633,Université du Québec en Abitibi-Témiscamingue,Restaurant Hao Van,48.2382312,-79.0181675,1123.0,Restaurant
634,Université du Québec en Outaouais,Edgar,45.42077233765431,-75.74528748892456,548.0,Café
635,Université du Québec en Outaouais,Resto Chez Mo-nik,45.42583100021514,-75.7336669546335,543.0,Breakfast Spot
636,Université du Québec en Outaouais,La Belle Verte,45.430507,-75.720299,1693.0,Vegetarian / Vegan Restaurant
637,Université du Québec en Outaouais,SuzyQ Doughnuts,45.40530931156567,-75.72318292679525,2262.0,Donut Shop
638,Université du Québec en Outaouais,Bistro CoqLicorne,45.42731827697873,-75.7163535873121,1827.0,Bistro
639,Université du Québec en Outaouais,Soca Kitchen & Pub,45.40056716122683,-75.73236825940515,2487.0,Spanish Restaurant
640,Université du Québec en Outaouais,Meat Press,45.406116,-75.72373,2163.0,Sandwich Place
641,Université du Québec en Outaouais,Les vilains garçons,45.426893048641354,-75.71631238002203,1817.0,Tapas Restaurant
642,Université du Québec en Outaouais,Hintonburg Public House,45.40465272451493,-75.72366589812509,2304.0,Gastropub
643,Université du Québec en Outaouais,Rôtisserie St-Hubert,45.43406086301654,-75.71299938271773,2387.0,Restaurant
644,Université du Québec à Chicoutimi,Café Cambio,48.42822409997123,-71.05595215865412,1055.0,Café
645,Université du Québec à Chicoutimi,La Cuisine,48.427899,-71.056447,1029.0,French Restaurant
646,Université du Québec à Chicoutimi,L'entrecôte Riverin,48.42756536127953,-71.05510047122574,970.0,Steakhouse
647,Université du Québec à Chicoutimi,Temaki Sushi Bar,48.428612,-71.05423,1075.0,Asian Restaurant
648,Université du Québec à Chicoutimi,Charcuterie de la Gare,48.429578,-71.054751,1187.0,Sandwich Place
649,Université du Québec à Chicoutimi,La Bonne Patate,48.43762029608186,-71.06730053377807,2338.0,Fast Food Restaurant
650,Université du Québec à Chicoutimi,Le Coq Rôti,48.415894,-71.0469677,542.0,BBQ Joint
651,Université du Québec à Chicoutimi,Mikes,48.428421,-71.055169,1064.0,Italian Restaurant
652,Université du Québec à Chicoutimi,Passion Café,48.40960889257184,-71.05522598567566,1063.0,Café
653,Université du Québec à Chicoutimi,Rouge Burger Bar,48.428613441842266,-71.05396702287818,1073.0,Burger Joint
654,Université du Québec à Montréal,Cadet,45.51025997938528,-73.56458439677048,405.0,Restaurant
655,Université du Québec à Montréal,Bouillon Bilk,45.51084459749559,-73.56601685808441,465.0,Restaurant
656,Université du Québec à Montréal,Cachitos,45.509814,-73.564077,412.0,Bakery
657,Université du Québec à Montréal,Pourquoi Pas Espresso Bar,45.517830686508,-73.55790851738293,618.0,Café
658,Université du Québec à Montréal,Agrikol,45.519786610608506,-73.56222040833227,810.0,Caribbean Restaurant
659,Université du Québec à Montréal,Le Bremner,45.509412709099166,-73.55161633731288,785.0,Seafood Restaurant
660,Université du Québec à Montréal,Le Club Chasse et Pêche,45.50876324175259,-73.55257059148657,757.0,French Restaurant
661,Université du Québec à Montréal,Café Nocturne,45.51356573872014,-73.57284903674521,961.0,Café
662,Université du Québec à Montréal,Café Parvis,45.505817,-73.569302,1015.0,Café
663,Université du Québec à Montréal,Le Mousso,45.52005292618442,-73.56307997948763,852.0,Restaurant
664,Université du Québec à Rimouski,Cantine De La Gare,48.44878195302919,-68.52293604797472,901.0,Restaurant
665,Université du Québec à Rimouski,Le Crêpe Chignon,48.450783,-68.526969,1113.0,Restaurant
666,Université du Québec à Rimouski,Les Complices,48.453037798101825,-68.52404799095511,881.0,Restaurant
667,Université du Québec à Rimouski,Parfum de Corée,48.4488993,-68.5336603,1640.0,Korean Restaurant
668,Université du Québec à Rimouski,Central Café,48.4480124525269,-68.52502921013492,1078.0,Gastropub
669,Université du Québec à Rimouski,La Piazzetta,48.45268041556154,-68.52423858172233,893.0,Pizza Place
670,Université du Québec à Rimouski,La Réserve Bistro,48.450702251066694,-68.52654616152054,1084.0,Food
671,Université du Québec à Rimouski,Presse Café Rimouski,48.4490390511355,-68.53361014943185,1633.0,Café
672,Université du Québec à Rimouski,La Brulerie d'ici,48.449567367248285,-68.53197276696542,1502.0,Café
673,Université du Québec à Rimouski,Bistro de la Forge,48.45188286203999,-68.52634209269999,1051.0,Gastropub
674,Université du Québec à Trois-Rivières,Café Cognac,46.36005679829349,-72.57109704929107,1503.0,American Restaurant
675,Université du Québec à Trois-Rivières,Sushi Taxi Trois-Rivières,46.35760232223321,-72.58744612195942,1404.0,Sushi Restaurant
676,Université du Québec à Trois-Rivières,Boulangerie Le Panetier,46.34667102418304,-72.54503109273826,2464.0,Bakery
677,Université du Québec à Trois-Rivières,Cora - Trois-Rivières,46.35400691053336,-72.58188881912461,842.0,Breakfast Spot
678,Université du Québec à Trois-Rivières,Pacini,46.35292076005934,-72.57924130232527,657.0,Italian Restaurant
679,Université du Québec à Trois-Rivières,Cuisto Resto Lounge,46.33047958576144,-72.56787309807687,1991.0,American Restaurant
680,Université du Québec à Trois-Rivières,Le Sacristain,46.34377106453392,-72.54133978388704,2773.0,Sandwich Place
681,Université du Québec à Trois-Rivières,Resto-Bar Faste Fou,46.34158520360179,-72.53941545996933,2962.0,Pizza Place
682,Université du Québec à Trois-Rivières,Au Four à Bois,46.344883513947316,-72.54107236862183,2779.0,Restaurant
683,Université du Québec à Trois-Rivières,La Cage aux Sports,46.35753096623999,-72.58703155089759,1380.0,Gastropub
684,Université Laval,Ristorante il Matto Sainte-Foy,46.78762599872272,-71.26886936438761,792.0,Italian Restaurant
685,Université Laval,Au Temps Perdu,46.787541040326985,-71.26830063133968,810.0,Gastropub
686,Université Laval,Chez Victor,46.786717163309596,-71.281704844136,766.0,Burger Joint
687,Université Laval,L'Gros Luxe Québec,46.787658600022574,-71.26841215638252,816.0,Restaurant
688,Université Laval,Casa Mexicana,46.78772709426684,-71.26864259895565,812.0,Mexican Restaurant
689,Université Laval,La Bête Bar Steakhouse,46.76638178017543,-71.28828113894502,1997.0,Steakhouse
690,Université Laval,Bagel Tradition'l,46.78092493476342,-71.25150540453659,1773.0,Bagel Shop
691,Université Laval,Montego Resto Club,46.77946810807018,-71.24964920653888,1929.0,Gastropub
692,Université Laval,Chez Victor,46.76661822687622,-71.28870020046733,1992.0,Burger Joint
693,Université Laval,Kimono Sushi Bar,46.76970152439238,-71.29221342369746,1889.0,Sushi Restaurant
694,University of Regina,Magpies Kitchen,50.414008,-104.61705249,2079.0,Restaurant
695,University of Regina,Smitty's Restaurant & Lounge,50.41845882277385,-104.62000050973575,2306.0,Diner
696,University of Regina,Earl's Restaurant,50.41407548534056,-104.61889214184404,2208.0,Steakhouse
697,University of Regina,The Willow on Wascana,50.4310478888248,-104.60663943436694,2189.0,Restaurant
698,University of Regina,Boston Pizza,50.40483926121476,-104.62038393487262,2594.0,Pizza Place
699,University of Regina,Burger King,50.41237884804072,-104.61708089103922,2102.0,Fast Food Restaurant
700,University of Regina,The Naked Bean,50.43891699943807,-104.60609823622356,2915.0,Café
701,University of Regina,Original Joe's Restaurant & Bar,50.418414496397624,-104.61860703251948,2207.0,Restaurant
702,University of Regina,Grekos',50.40928994830937,-104.61883336850515,2303.0,Greek Restaurant
703,University of Regina,CHOP Steakhouse & Bar,50.40404534725299,-104.61948610453871,2579.0,Steakhouse
704,University of Saskatchewan,Earls Restaurant & Lounge,52.1399187,-106.6585219,1992.0,New American Restaurant
705,University of Saskatchewan,Bon Temps Cafe,52.12677319888113,-106.66494195512209,2410.0,Cajun / Creole Restaurant
706,University of Saskatchewan,Golden Pagoda,52.13397104385526,-106.6615440334832,2063.0,Asian Restaurant
707,University of Saskatchewan,Saboroso,52.114500382756304,-106.61574445363759,2359.0,Brazilian Restaurant
708,University of Saskatchewan,The Keg Steakhouse + Bar - Saskatoon,52.11388398458452,-106.62653650095224,2197.0,Restaurant
709,University of Saskatchewan,Poached Breakfast Bistro,52.12610746997041,-106.6653092012015,2458.0,Breakfast Spot
710,University of Saskatchewan,D'lish by Tish Cafe,52.121715093903106,-106.65153756216667,1895.0,Café
711,University of Saskatchewan,Boffins Club,52.14156059684337,-106.62884539611838,924.0,Restaurant
712,University of Saskatchewan,Christies II Secondo,52.11782208607468,-106.65723842358393,2477.0,Bakery
713,University of Saskatchewan,Las Palapas Resort Grill,52.116437716309605,-106.66238919428571,2839.0,Mexican Restaurant
714,Fairleigh Dickinson University (branch),Fanny Bay Oyster Bar,49.27860106769942,-123.1144109990253,130.0,Seafood Restaurant
715,Fairleigh Dickinson University (branch),Blue Water Cafe + Raw Bar,49.27616536589696,-123.12110447015738,437.0,Seafood Restaurant
716,Fairleigh Dickinson University (branch),Tacofino,49.276433,-123.119389,312.0,Taco Place
717,Fairleigh Dickinson University (branch),Black Rice Izakaya,49.278541434016475,-123.11448809278369,121.0,Restaurant
718,Fairleigh Dickinson University (branch),Homer St. Cafe and Bar,49.278591060474405,-123.11838476992322,228.0,Restaurant
719,Fairleigh Dickinson University (branch),Chambar,49.279925416078164,-123.1100781115385,468.0,Belgian Restaurant
720,Fairleigh Dickinson University (branch),Medina Café,49.28056540642322,-123.11685919761656,333.0,Breakfast Spot
721,Fairleigh Dickinson University (branch),Gotham Steakhouse & Cocktail Bar,49.28283023000359,-123.11586538996016,571.0,Steakhouse
722,Fairleigh Dickinson University (branch),La Terrazza Restaurant,49.27484877745373,-123.11877379671792,394.0,Italian Restaurant
723,Fairleigh Dickinson University (branch),Minami,49.275341077987406,-123.12085632170566,466.0,Japanese Restaurant
724,New York Institute of Technology (branch),Sushiholic,49.261995860216125,-123.03332531297768,637.0,Sushi Restaurant
725,New York Institute of Technology (branch),Ragazzi Pizza,49.250563464257475,-123.04175724948986,1220.0,Pizza Place
726,New York Institute of Technology (branch),Banana Grove Market & Deli,49.25085646774573,-123.04925325694029,1297.0,Deli / Bodega
727,New York Institute of Technology (branch),Kishimoto Japanese Kitchen & Sushi Bar,49.266744689917445,-123.06955929814673,2079.0,Sushi Restaurant
728,New York Institute of Technology (branch),Bandidas Taqueria,49.259696354838375,-123.06989567657384,2031.0,Vegetarian / Vegan Restaurant
729,New York Institute of Technology (branch),Rinconcito Salvadorean,49.26662368135757,-123.06956359201189,2076.0,Latin American Restaurant
730,New York Institute of Technology (branch),Via Tevere,49.2738535806043,-123.0656016660482,2192.0,Pizza Place
731,New York Institute of Technology (branch),Pig on the Street,49.273590196408485,-123.04411643198922,1351.0,Food Truck
732,New York Institute of Technology (branch),Siddhartha's,49.266511528012146,-123.06952007945101,2070.0,Indian Restaurant
733,New York Institute of Technology (branch),Commercial Street Cafe,49.25253867342018,-123.06817821809433,2144.0,Café
734,Quest University,Essence Of India,49.74021241615729,-123.13241539248416,2313.0,Indian Restaurant
735,Quest University,The Cloudburst Cafe,49.73541694637962,-123.13180596025246,2279.0,Café
736,Quest University,Pepe & Gringo's,49.73997029911497,-123.13252464891954,2318.0,Mexican Restaurant
737,Quest University,Samurai Sushi,49.73800763568306,-123.13388534440985,2408.0,Sushi Restaurant
738,Quest University,Subway,49.73639837255635,-123.13377030601339,2408.0,Sandwich Place
739,Quest University,Boston Pizza,49.736719039317535,-123.13400955374037,2422.0,Pizza Place
740,Quest University,Locavore,49.73535058373433,-123.13213024987242,2303.0,Food Truck
741,Quest University,Fatburger,49.73792672841976,-123.1338982996873,2409.0,Burger Joint
742,Quest University,Umai Sushi,49.74144,-123.13375,2425.0,Sushi Restaurant
743,Quest University,Fortune Kitchen,49.740806,-123.136577,2617.0,Chinese Restaurant
744,Niagara University (branch),Queenston Heights Restaurant,43.16030125885868,-79.0519453157838,2938.0,Restaurant
745,Niagara University (branch),Butterfly Cafe,43.13572419509396,-79.05535520624885,1659.0,Café
746,Niagara University (branch),Mount St. Mary's Cafeteria,43.154219,-79.032416,1930.0,Cafeteria
747,Niagara University (branch),Toast & Roast Cafe,43.13012793894875,-79.00667830286636,2423.0,Breakfast Spot
748,Niagara University (branch),Tree Top Pizza,43.13035933351555,-79.00587785303868,2477.0,Pizza Place
749,Niagara University (branch),Home Plate,43.12895,-79.006019,2518.0,Food
750,Niagara University (branch),BUX BOX,43.1314086,-79.00441799999999,2560.0,Malay Restaurant
751,Niagara University (branch),Richardson Fast Food Deli,43.112524,-79.04894,2948.0,Deli / Bodega
752,Trinity Western University,Subway,49.126889,-122.62355,2197.0,Sandwich Place
753,Trinity Western University,Triple O's,49.1329683746731,-122.58188039371966,1698.0,Burger Joint
754,Trinity Western University,Subway,49.1267956893995,-122.6235287724067,2203.0,Sandwich Place
755,University Canada West,Gotham Steakhouse & Cocktail Bar,49.28283023000359,-123.11586538996016,188.0,Steakhouse
756,University Canada West,The Poke Guy,49.28393736225851,-123.11216716613504,167.0,Poke Place
757,University Canada West,Meat & Bread,49.2826459299748,-123.10949864447797,399.0,Sandwich Place
758,University Canada West,Cartems Donuterie,49.283833446719726,-123.1135544398471,77.0,Donut Shop
759,University Canada West,Miku Restaurant,49.28671261,-123.11204401,325.0,Japanese Restaurant
760,University Canada West,Finch’s Tea & Coffee House,49.28272404338896,-123.11194051344484,246.0,Sandwich Place
761,University Canada West,New Amsterdam Cafe,49.28289691979302,-123.11006472134046,350.0,Café
762,University Canada West,The Keg Steakhouse + Bar - Dunsmuir,49.28343784084837,-123.11636252876394,166.0,Restaurant
763,University Canada West,La Taqueria,49.2830218479258,-123.11042386683688,320.0,Taco Place
764,University Canada West,Pholicious,49.284309027597644,-123.11228960276179,155.0,Vietnamese Restaurant
765,Booth University College,Harvey's,49.88892237017493,-97.15605887558335,551.0,Restaurant
766,Booth University College,The Merchant Kitchen,49.89416115374762,-97.14379599768898,571.0,Asian Restaurant
767,Booth University College,Viva Restaurant,49.896364,-97.154059,423.0,Vietnamese Restaurant
768,Booth University College,Clementine Cafe,49.899057070174244,-97.14162898292187,985.0,Breakfast Spot
769,Booth University College,Peasant Cookery,49.89836716462037,-97.14091848196146,972.0,French Restaurant
770,Booth University College,Miss Browns,49.899214,-97.140784,1041.0,Sandwich Place
771,Booth University College,deer + almond,49.89775472591209,-97.14253651779087,839.0,Restaurant
772,Booth University College,Stella's Café and Bakery,49.89067242317363,-97.15122490826278,251.0,Café
773,Booth University College,Chosabi,49.89813051013652,-97.14124034535507,938.0,Asian Restaurant
774,Booth University College,Ichiban Japanese Steakhouse,49.88969236137796,-97.14422456777802,636.0,Japanese Restaurant
775,Canadian Mennonite University,,,,,
776,Kingswood University,Mrs. Dunsters Kitchen,45.7243723242036,-65.49789400179867,2041.0,Donut Shop
777,Kingswood University,JJ's Diner,45.733967534244606,-65.52626742968049,972.0,Diner
778,Kingswood University,All Seasons Restaurant,45.71689,-65.49315,2585.0,Restaurant
779,Kingswood University,KFC,45.725803,-65.529014,382.0,Fast Food Restaurant
780,Kingswood University,Subway,45.72306383607557,-65.50912062357872,1193.0,Sandwich Place
781,Kingswood University,KFC,45.7205,-65.522,565.0,Fast Food Restaurant
782,Kingswood University,Burger King,45.7253227193711,-65.5280962586402,308.0,Fast Food Restaurant
783,Kingswood University,Smitty's,45.726414481433864,-65.53062255424352,518.0,Breakfast Spot
784,Kingswood University,Taste And See,45.723100949126284,-65.50824417578,1259.0,Restaurant
785,Kingswood University,Pizza delight,45.72124,-65.50113,1845.0,Pizza Place
786,Crandall University,Swiss Chalet,46.12297495167314,-64.85257152420772,1459.0,Restaurant
787,Crandall University,Jean's Restaurant,46.12382692979498,-64.85561291646255,1278.0,Restaurant
788,Crandall University,Second Cup,46.12340903848263,-64.85406379096872,1366.0,Café
789,Crandall University,McBuns,46.122325,-64.848925,1666.0,Bakery
790,Crandall University,Maverick's Steakhouse,46.125097569627115,-64.82790431338387,2781.0,Restaurant
791,Crandall University,Moxie's Grill & Bar,46.12121555137851,-64.82832393127269,2945.0,Restaurant
792,Crandall University,Cora's Breakfast & Lunch,46.12091140482325,-64.82958239402168,2880.0,Breakfast Spot
793,Crandall University,Subway,46.12206229761,-64.84847739232039,1710.0,Sandwich Place
794,Crandall University,Big League Burgers & Wings,46.12272687025739,-64.85149240063356,1523.0,Wings Joint
795,Crandall University,A&W,46.130369,-64.881782,1654.0,Fast Food Restaurant
796,St. Stephen's University,Joe's Diner & Pizzeria,45.18873892817594,-67.28151861284998,470.0,Pizza Place
797,St. Stephen's University,SUBWAY,45.18369912021806,-67.28329466394598,1036.0,Sandwich Place
798,St. Stephen's University,Carman's Diner,45.200137227052224,-67.27403980213185,1010.0,Diner
799,St. Stephen's University,Dunkin',45.1857756,-67.2816252,799.0,Donut Shop
800,St. Stephen's University,Subway,45.1988889,-67.2744444,883.0,Sandwich Place
801,St. Stephen's University,McDonald's,45.184141075496264,-67.28321917735684,986.0,Fast Food Restaurant
802,St. Stephen's University,KFC,45.2062806,-67.27109149,1709.0,Fast Food Restaurant
803,St. Stephen's University,Pizza Delight,45.1920557819491,-67.27632906309978,449.0,Pizza Place
804,St. Stephen's University,The Five Kings Picaroon's Brew Pub,45.192758,-67.275447,508.0,Restaurant
805,St. Stephen's University,Karen's Main Street Diner,45.188973640129554,-67.27679799198013,598.0,Diner
806,University of Fredericton,Cafe Loka & Bistro,45.95756975200374,-66.64797836819221,1445.0,Café
807,University of Fredericton,Palate Restaurant & Cafe,45.96233821565255,-66.64177617467865,1868.0,Restaurant
808,University of Fredericton,Luna Pizza,45.962245983394084,-66.64378803516881,1870.0,Italian Restaurant
809,University of Fredericton,The Abbey Café & Gallery,45.96130052761985,-66.64018759391118,1751.0,Café
810,University of Fredericton,Isaac's Way,45.96094370069698,-66.6377959448601,1727.0,Restaurant
811,University of Fredericton,540 Kitchen and Bar,45.961656778289964,-66.64015241997615,1791.0,Gastropub
812,University of Fredericton,Thai Express,45.934473,-66.664108,2185.0,Restaurant
813,University of Fredericton,Chess Piece Pâtisserie & Cafe,45.96335372107381,-66.64401723703803,1994.0,Café
814,University of Fredericton,New England Pizza,45.9679,-66.629859,2626.0,Pizza Place
815,University of Fredericton,Jungle Jim's,45.943653421381676,-66.66773340866561,2093.0,American Restaurant
816,Atlantic School of Theology,Darrell's,44.637848,-63.573724,1339.0,Burger Joint
817,Atlantic School of Theology,Boneheads BBQ,44.63634774051017,-63.56957770238176,1368.0,BBQ Joint
818,Atlantic School of Theology,Morris East,44.64167297704532,-63.57158909855188,1797.0,Pizza Place
819,Atlantic School of Theology,Le Bistro By Liz,44.640524,-63.578894,1530.0,French Restaurant
820,Atlantic School of Theology,La Frasca Cibi & Vini,44.64269418326838,-63.57837986951844,1774.0,Italian Restaurant
821,Atlantic School of Theology,Sushi Nami Royale,44.64360427050951,-63.57828033210712,1875.0,Sushi Restaurant
822,Atlantic School of Theology,Mary's Place Cafe II,44.64041267519348,-63.58631800575998,1580.0,Breakfast Spot
823,Atlantic School of Theology,Turkish Delight,44.64241789115769,-63.57910205860843,1739.0,Turkish Restaurant
824,Atlantic School of Theology,The Stubborn Goat Gastropub,44.64538905565271,-63.57446730077915,2120.0,Gastropub
825,Atlantic School of Theology,Efendy,44.64426600956395,-63.578591451319284,1947.0,Turkish Restaurant
826,Tyndale University,Bagel Nash,43.81312647892769,-79.39911993433995,1895.0,Bagel Shop
827,Tyndale University,Kori Sushi,43.79161297568961,-79.39226749018948,583.0,Japanese Restaurant
828,Tyndale University,Ramona's Kitchen,43.81323688346282,-79.39910404299626,1906.0,Breakfast Spot
829,Tyndale University,Eat Bkk Thai Kitchen & Bar,43.795696,-79.419205,2174.0,Thai Restaurant
830,Tyndale University,Chinese Halal Restaurant 中華牛羊館,43.79127199334216,-79.36698009117329,2118.0,Chinese Restaurant
831,Tyndale University,Cho Sun Ok 조선옥 朝鮮屋,43.80661423853999,-79.42218603743086,2643.0,Korean Restaurant
832,Tyndale University,Congee Wong 天皇名粥,43.79057932101322,-79.3658146139743,2231.0,Chinese Restaurant
833,Tyndale University,Golden Star,43.801533,-79.42052,2335.0,Burger Joint
834,Tyndale University,B.B. Cafe,43.79111742415979,-79.41807777426489,2176.0,Café
835,Tyndale University,Hub Sushi,43.80916791100528,-79.42301543067735,2831.0,Japanese Restaurant
836,Redeemer University College,Pizza Nova,43.20959295977757,-79.92269985155869,2147.0,Pizza Place
837,Redeemer University College,India Village,43.22728444367671,-79.97560212186819,2983.0,Indian Restaurant
838,Redeemer University College,Southcote 53 Tap & Grill,43.20538576961092,-79.95815853292623,818.0,Restaurant
839,Redeemer University College,Red Rockets,43.21808553654757,-79.9190609074098,2655.0,Wings Joint
840,Redeemer University College,Buffalo Wild Wings,43.22805264226133,-79.94071171448923,2262.0,Wings Joint
841,Redeemer University College,Wendy’s,43.227545653682256,-79.94412750005728,2139.0,Fast Food Restaurant
842,Redeemer University College,Royal pho,43.22745998427275,-79.93849686846178,2262.0,Vietnamese Restaurant
843,Redeemer University College,Lone Star Texas Grill,43.228467693828804,-79.93784952449194,2385.0,American Restaurant
844,Redeemer University College,A&W,43.227001,-79.947417,2044.0,Fast Food Restaurant
845,Redeemer University College,Subway,43.22850073068565,-79.93979463558196,2333.0,Sandwich Place
846,The King's University,Five Guys,53.54060433004815,-113.42005097942375,1704.0,Burger Joint
847,The King's University,Ragazzi Bistro Italiano,53.51829710842407,-113.4535187523598,2559.0,Pizza Place
848,The King's University,Sawmill Prime Rib & Steak House,53.540629100614126,-113.42141370235161,1721.0,Steakhouse
849,The King's University,A&W,53.540968,-113.442034,2407.0,Fast Food Restaurant
850,The King's University,Subway,53.54084690889888,-113.42565752967926,1815.0,Sandwich Place
851,The King's University,A&W,53.541615,-113.417087,1803.0,Fast Food Restaurant
852,The King's University,Sabu Sushi Bar,53.51803230557312,-113.44206748815284,1866.0,Sushi Restaurant
853,The King's University,Subway,53.52548115387894,-113.44408940487631,1809.0,Sandwich Place
854,The King's University,Fargo's,53.54076142016581,-113.42462222762742,1785.0,Steakhouse
855,The King's University,Sawmill Banquet & Catering Centre,53.51294048482135,-113.40102768121523,1735.0,Breakfast Spot
